,question,answer,contexts,ground_truth,answer_correctness
0,چه شرایطی برای تشکیل و ثبت یک شرکت با مسئولیت محدود وجود دارد و چگونه می‌توان اساسنامه آن را تغییر داد؟,برای تشکیل یک شرکت با مسئولیت محدود، باید تمام سرمایه نقدی تأدیه شده و سهم الشرکه غیر نقدی نیز تقویم و تسلیم شده باشد. اساسنامه شرکت باید با قید تاریخ به امضاء موسسین رسیده و باید شامل مواردی مانند نام شرکت، موضوع شرکت، مدت شرکت، مرکز اصلی شرکت، مبلغ سرمایه شرکت و تعیین مقدار نقد و غیر نقد آن، تعداد سهام بی‌نام و بانام و مبلغ اسمی آنها، نحوه انتقال سهام بانام، شرایط و ترتیب افزایش و کاهش سرمایه شرکت و موارد دیگری باشد. برای تغییر اساسنامه شرکت، باید مجمع عمومی شرکت با اکثریت موافقت کند و تغییرات مورد نظر را در اساسنامه ثبت کند.,"['ماده 213 - در شركتهاي سهامي و شركتهاي با مسئوليت محدود و شركتهاي تعاوني امر تصفيه بعهده مديران شركت است مگر آنكه اساسنامه يا اكثريت مجمع عمومي شركت ترتيب ديگري مقرر داشته باشد.\n\n'
 'ماده 8(الحاقي 24ˏ12ˏ1347)- طرح اساسنامه بايد با قيد تاريخ به امضاء مؤسسين رسيده و مشتمل بر مطالب زير باشد:\n1 - نام شركت\n2 - موضوع شركت بطور صريح و منجز\n3 - مدت شركت\n4 - مركز اصلي شركت و محل شعب آن اگر تأسيس شعبه مورد نظر باشد.\n5 - مبلغ سرمايه شركت و تعيين مقدار نقد و غير نقد آن به تفكيك.\n6 - تعداد سهام بينام و بانام و مبلغ اسمي آنها و در صورتي كه ايجاد سهام ممتاز مورد نظر باشد تعيين تعداد و خصوصيات و امتيازات اينگونه سهام.\n7 - تعيين مبلغ پرداخت شده هر سهم و نحوه مطالبه بقيه مبلغ اسمي هر سهم و مدتي كه ظرف آن بايد مطالبه شود كه بهر حال از پنج سالمتجاوز نخواهد بود.\n8 - نحوه انتقال سهام بانام.\n9 - طريقه تبديل سهام بانام به سهام بينام و بالعكس.\n10 - در صورت پيشبيني امكان صدور اوراق قرضه، ذكر شرايط و ترتتب [ترتيب] آن.\n11 - شرايط و ترتيب افزايش و كاهش سرمايه شركت.\n12 - مواقع و ترتيب دعوت مجامع عمومي.\n13 - مقررات راجع بحد نصاب لازم جهت تشكيل مجامع عمومي و ترتيب اداره آنها.\n14 - طريقه شور و اخذ رأي و اكثريت لازم براي معتبربودن تصميمات مجامع عمومي.\n15 - تعداد مديران و طرز انتخاب و مدت مأموريت آنها و نحوه تعيين جانشين براي مديراني كه فوت يا استعفا ميكنند يا محجور يا معزول يا بجهات قانوني ممنوع ميگردند.\n16 - تعيين وظايف و حدود اختيارات مديران.\n17 - تعداد سهام تضميني كه مديران بايد بصندوق شركت بسپارند.\n18 - قيد اينكه شركت يك بازرس خواهد داشت يا بيشتر و نحوه انتخاب و مدت مأموريت بازرس.\n19 - تعيين آغاز و پايان سال مالي شركت و موعد تنظيم ترازنامه و حساب سود و زيان و تسليم آن به بازرسان و به مجمع عمومي سالانه.\n20 - نحوه انحلال اختياري شركت و ترتيب تصفيه امور آن.\n21 - نحوه تغيير اساسنامه. \n\n'
 'ماده 94 - شركت با مسئوليت محدود شركتي است كه بين دو يا چند نفر براي امور تجارتي تشكيل شده و هر يك از شركاء بدون اينكه سرمايه بسهام يا قطعات سهام تقسيم شده باشد - فقط تا ميزان سرمايه خود در شركت مسئول قروض و تعهدات شركت است.\n\n'
 'ماده 152 - هر گاه شركت بطريقي غير از ورشكستگي منحل شود و شريك با مسئوليت محدود هنوز تمام يا قسمتي از سهم الشركه خود را نپرداخته و يا پس از تأديه مسترد داشته است طلبكاران شركت حق دارند معادل آنچه كه از بابت سهم الشركه باقي مانده است مستقيماً بر عليه شريك با مسئولت [مسئوليت] محدود اقامه دعوي نمايند. اگر شركت ورشكست شود حق مزبور را مدير تصفيه خواهد داشت.\n\n'
 'ماده 96 - شركت با مسئوليت محدود وقتي تشكيل ميشود كه تمام سرمايه نقدي تأديه و سهمالشركه غير نقدي نيز تقويم و تسليم شده باشد.\n\n']",برای تشکیل یک شرکت با مسئولیت محدود نیاز به پرداخت کامل سرمایه نقدی و تسلیم سهم‌الشرکه‌های غیر نقدی است. هرگونه تغییر در اساسنامه نیاز به اکثریت عددی شرکاء دارد. (مواد 96، 97 و 111),0.4517749853074368
1,در یک شرکت با مسئولیت محدود، چگونه مدیریت انجام می‌شود و چه مسئولیت‌هایی بر عهده مدیران است؟,در یک شرکت با مسئولیت محدود، مدیر یا مدیران موظف یا غیر موظف توسط یک یا چند نفر انتخاب می‌شوند تا شرکت را اداره کنند. آنها مسئولیت اداره و تصفیه شرکت را بر عهده دارند، مگر اینکه اساسنامه یا اکثریت مجمع عمومی شرکت ترتیب دیگری مقرر کند. همچنین، در صورتی که شریک با مسئولیت محدود تمام یا قسمتی از سهم خود را پرداخت نکرده یا پس از تأدیه مسترد داشته باشد، طلبکاران شرکت حق دارند بر علیه شریک با مسئولیت محدود اقدام قضایی کنند.,"['ماده 104 - شركت با مسئوليت محدود بوسيله يك يا چند نفر مدير موظف يا غير موظف كه از بين شركاء يا از خارج براي مدت محدود يانامحدودي معين ميشوند اداره ميگردد.\n\n'
 'ماده 213 - در شركتهاي سهامي و شركتهاي با مسئوليت محدود و شركتهاي تعاوني امر تصفيه بعهده مديران شركت است مگر آنكه اساسنامه يا اكثريت مجمع عمومي شركت ترتيب ديگري مقرر داشته باشد.\n\n'
 'ماده 152 - هر گاه شركت بطريقي غير از ورشكستگي منحل شود و شريك با مسئوليت محدود هنوز تمام يا قسمتي از سهم الشركه خود را نپرداخته و يا پس از تأديه مسترد داشته است طلبكاران شركت حق دارند معادل آنچه كه از بابت سهم الشركه باقي مانده است مستقيماً بر عليه شريك با مسئولت [مسئوليت] محدود اقامه دعوي نمايند. اگر شركت ورشكست شود حق مزبور را مدير تصفيه خواهد داشت.\n\n'
 'ماده 211(الحاقي 24ˏ12ˏ1347)- از تاريخ تعيين مدير يا مديران تصفيه اختيارات مديران شركت خاتمه يافته و تصفيه شركت شروع ميشود. مديران تصفيه بايد كليهاموال و دفاتر و اوراق و اسناد مربوط بشركت را تحويل گرفته بلافاصله امر تصفيه شركت را عهدهدار شوند.\n\n'
 'ماده 154 - بشريك با مسئوليت محدود فرع نميتوان داد مگر در صورتي كه موجب كسر سرمايه او در شركت نشود.\nاگر در نتيجه ضررهاي وارده سهم الشركه شريك با مسئوليت محدود كسر شد مادام كه اين كمبود جبران نشده تأديه هر ربح يا منفعتي باو ممنوع است.\nهر گاه وجهي برخلاف حكم فوق تأديه گرديد شريك با مسئوليت محدود تا معادل وجه دريافتي مسئول تعهدات شركت است مگر در مورديكه با حسن نيت و باعتبار بيلان مرتبي وجهي گرفته باشد.\n\n']",مدیریت شرکت با مسئولیت محدود توسط یک یا چند مدیر انجام می‌شود که می‌توانند از بین شرکاء یا افراد خارج از شرکت باشند. مدیران اختیارات لازم برای نمایندگی و اداره شرکت را دارند مگر اینکه در اساسنامه ترتیب دیگری مقرر شده باشد. (مواد 104 و 105),0.8020900865073054
2,چه فرآیندی باید برای انحلال یک شرکت با مسئولیت محدود دنبال شود و چه زمانی مسئولیت مدیران در قبال خسارات ناشی از بطلان شرکت آغاز می‌شود؟,"برای انحلال یک شرکت با مسئولیت محدود، باید ابتدا مدیران شرکت تصمیم به تصفیه شرکت بگیرند. این فرآیند باید توسط مدیران شرکت انجام شود، مگر اینکه اساسنامه یا تصمیم اکثریت مجمع عمومی شرکت ترتیب دیگری را تعیین کرده باشد.

مسئولیت مدیران در قبال خسارات ناشی از بطلان شرکت از زمان حدوث بطلان شروع می‌شود و مدت مرور زمان برای اقدام در این خصوص ده سال است.","['ماده 152 - هر گاه شركت بطريقي غير از ورشكستگي منحل شود و شريك با مسئوليت محدود هنوز تمام يا قسمتي از سهم الشركه خود را نپرداخته و يا پس از تأديه مسترد داشته است طلبكاران شركت حق دارند معادل آنچه كه از بابت سهم الشركه باقي مانده است مستقيماً بر عليه شريك با مسئولت [مسئوليت] محدود اقامه دعوي نمايند. اگر شركت ورشكست شود حق مزبور را مدير تصفيه خواهد داشت.\n\n'
 'ماده 101 - اگر حكم بطلان شركت باستناد ماده قبل صادر شود شركائي كه بطلان مستند بعمل آنها است و هيئت نظار و مديرهائي كه در حين حدوث سبب بطلان يا بلافاصله پس از آن سر كار بوده و انجام وظيفه نكردهاند در مقابل شركاءِ ديگر و اشخاص ثالث نسبت بخسارات ناشيه از اين بطلان متضامناً مسئول خواهند بود.\nمدت مرور زمان ده سال از تاريخ حدوث موجب بطلان است.\n\n'
 'ماده 213 - در شركتهاي سهامي و شركتهاي با مسئوليت محدود و شركتهاي تعاوني امر تصفيه بعهده مديران شركت است مگر آنكه اساسنامه يا اكثريت مجمع عمومي شركت ترتيب ديگري مقرر داشته باشد.\n\n'
 'ماده 104 - شركت با مسئوليت محدود بوسيله يك يا چند نفر مدير موظف يا غير موظف كه از بين شركاء يا از خارج براي مدت محدود يانامحدودي معين ميشوند اداره ميگردد.\n\n'
 'ماده 211(الحاقي 24ˏ12ˏ1347)- از تاريخ تعيين مدير يا مديران تصفيه اختيارات مديران شركت خاتمه يافته و تصفيه شركت شروع ميشود. مديران تصفيه بايد كليهاموال و دفاتر و اوراق و اسناد مربوط بشركت را تحويل گرفته بلافاصله امر تصفيه شركت را عهدهدار شوند.\n\n']",انحلال شرکت ممکن است در صورت تصمیم شرکاء یا بر اساس دلایل قانونی مانند ضررهای وارده که نصف سرمایه شرکت را از بین ببرد، اتفاق بیفتد. مدیران و هیئت نظار در صورت انجام ندادن وظایف خود در زمان بطلان، مسئول خسارات ناشی از بطلان هستند. (مواد 114 و 101),0.6608788382198271
3,تفاوت‌های اصلی بین شرکت‌های با مسئولیت محدود و شرکت‌های تضامنی در زمینه مدیریت، انتقال سهم‌الشرکه و مسئولیت‌های شرکاء چیست؟,"تفاوت اصلی بین شرکت‌های با مسئولیت محدود و شرکت‌های تضامنی در زمینه مدیریت این است که در شرکت‌های با مسئولیت محدود، مدیر یا مدیران شرکت مسئول اداره و تصفیه شرکت هستند، در حالی که در شرکت‌های تضامنی، شرکاء ضامن می‌توانند اشخاص دیگری را برای اداره و تصفیه شرکت منصوب کنند.

در مورد انتقال سهم‌الشرکه، در شرکت‌های با مسئولیت محدود، اگر شریک با مسئولیت محدود تمام یا قسمتی از سهم خود را پرداخت نکند یا پس از تأدیه مسترد داشته باشد، طلبکاران شرکت حق دارند بر علیه شریک با مسئولیت محدود اقدام قضایی کنند. اما در شرکت‌های تضامنی، شرکاء ضامن می‌توانند اشخاص دیگری را برای تصفیه معین شرکت منصوب کنند.

در مورد مسئولیت‌های شرکاء، در شرکت‌های با مسئولیت محدود، مدیران و مدیر عامل شرکت مسئولیت می‌پذیرند و در صورت تخلف از مقررات قانونی یا اساسنامه شرکت، مسئول خسارت هستند. اما در شرکت‌های تضامنی، شرکاء ضامن می‌توانند اشخاص دیگری را برای تصفیه منصوب کنند و مسئولیت‌های آنها ممکن است متفاوت باشد.","['ماده 213 - در شركتهاي سهامي و شركتهاي با مسئوليت محدود و شركتهاي تعاوني امر تصفيه بعهده مديران شركت است مگر آنكه اساسنامه يا اكثريت مجمع عمومي شركت ترتيب ديگري مقرر داشته باشد.\n\n'
 'ماده 152 - هر گاه شركت بطريقي غير از ورشكستگي منحل شود و شريك با مسئوليت محدود هنوز تمام يا قسمتي از سهم الشركه خود را نپرداخته و يا پس از تأديه مسترد داشته است طلبكاران شركت حق دارند معادل آنچه كه از بابت سهم الشركه باقي مانده است مستقيماً بر عليه شريك با مسئولت [مسئوليت] محدود اقامه دعوي نمايند. اگر شركت ورشكست شود حق مزبور را مدير تصفيه خواهد داشت.\n\n'
 'ماده 203 - در شركت هاي تضامني و نسبي و مختلط سهامي و غيرسهامي امر تصفيه با مدير يا مديران شركت است مگر آنكه شركاءِ ضامن اشخاص ديگري را از خارج يا از بين خود براي تصفيه معين نمايند.\n\n'
 'ماده 104 - شركت با مسئوليت محدود بوسيله يك يا چند نفر مدير موظف يا غير موظف كه از بين شركاء يا از خارج براي مدت محدود يانامحدودي معين ميشوند اداره ميگردد.\n\n'
 'ماده 142(الحاقي 24ˏ12ˏ1347)- مديران و مدير عامل شركت در مقابل شركت و اشخاص ثالث نسبت بتخلف از مقررات قانوني يا اساسنامه شركت و يا مصوباتمجمع عمومي بر حسب مورد منفرداً يا مشتركاً مسئول ميباشند و دادگاه حدود مسئوليت هر يك را براي جبران خسارت تعيين خواهد نمود. \n\n']",در شرکت با مسئولیت محدود، مدیریت می‌تواند توسط افراد خارج از شرکاء انجام شود و انتقال سهم‌الشرکه نیاز به رضایت شرکاء دارد. در شرکت تضامنی، همه شرکاء به صورت تضامنی مسئول قروض هستند و انتقال سهم‌الشرکه به رضایت تمام شرکاء بستگی دارد. (مواد 104، 102، 123 و 116),0.6843819649360541
4,چگونه می‌توان یک شرکت تضامنی را به شرکت سهامی تبدیل کرد و چه شرایطی باید رعایت شود؟,برای تبدیل یک شرکت تضامنی به شرکت سهامی، باید با تصویب تمامی شرکاء این تغییر انجام شود. همچنین باید تمام مقررات مربوط به شرکت سهامی رعایت شود.,"['ماده 135 - هر شركت تضامني مي تواند با تصويب تمام شركاء بشركت سهامي مبدل گردد در اينصورت رعايت تمام مقررات راجعه بشركت سهامي حتمي است.\n\n'
 'ماده 116 - شركت تضامني شركتي است كه در تحت اسم مخصوصي براي امور تجارتي بين دو يا چند نفر با مسئوليت تضامني تشكيل ميشود : اگر دارائي شركت براي تأديه تمام قروض كافي نباشد هر يك از شركاء مسئول پرداخت تمام قروض شركت است.\nهر قراري كه بين شركاء برخلاف اين ترتيب داده شده باشد در مقابل اشخاص ثالث كان لم يكن خواهد بود.\n\n'
 'ماده 119 - در شركت تضامني منافع به نسبت سهمالشركه بين شركاء تقسيم ميشود مگر آنكه شركتنامه غير از اين ترتيب را مقرر داشته باشد.\n\n'
 'ماده 123 - در شركت تضامني هيچيك از شركاء نميتواند سهم خود را بديگري منتقل كند مگر برضايت تمام شركاء.\n\n'
 'ماده 506 - اگر شركت تضامني - مختلط يا نسبي ورشكست شود طلبكارها ميتوانند قرارداد ارفاقي را با شركت يا منحصراً با يك يا چند نفر ازشركاءِ ضامن منعقد نمايند. در صورت ثاني دارائي شركت تابع مقررات اين مبحث و بغرما تقسيم ميشود ولي دارائي شخصي شركائي كه با آنها قرارداد ارفاقي منعقد شده است بغرما تقسيم نخواهد شد - شريك يا شركاءِ ضامن كه با آنها قرارداد خصوصي منعقد شده نمي توانند تعهد حصة نمايند مگر از اموال شخصي خودشان - شريكي كه با او قرارداد مخصوص منعقد شده از مسئوليت ضمانتي مبري است.\n\n']",تبدیل یک شرکت تضامنی به شرکت سهامی نیاز به تصویب تمام شرکاء دارد و باید تمام مقررات مربوط به شرکت‌های سهامی رعایت شود. (ماده 135),0.7434183153556797
5,در چه شرایطی یک شرکت با مسئولیت محدود می‌تواند از سهم‌الشرکه‌های غیر نقدی استفاده کند و چه مسئولیتی بر عهده شرکاء در قبال این سهم‌الشرکه‌ها است؟,شرکت با مسئولیت محدود می‌تواند از سهم‌الشرکه‌های غیر نقدی استفاده کند در صورتی که موجب کسر سرمایه شرکت نشود. در این صورت، شرکاء با مسئولیت محدود می‌بایست تمام قیمت سهام خود را پرداخت کنند و در صورت عدم پرداخت، مدیر تصفیه حق دارد مبلغ باقی‌مانده را از آنها وصول کند.,"['ماده 152 - هر گاه شركت بطريقي غير از ورشكستگي منحل شود و شريك با مسئوليت محدود هنوز تمام يا قسمتي از سهم الشركه خود را نپرداخته و يا پس از تأديه مسترد داشته است طلبكاران شركت حق دارند معادل آنچه كه از بابت سهم الشركه باقي مانده است مستقيماً بر عليه شريك با مسئولت [مسئوليت] محدود اقامه دعوي نمايند. اگر شركت ورشكست شود حق مزبور را مدير تصفيه خواهد داشت.\n\n'
 'ماده 156 - اگر شركت مختلط غيرسهامي ورشكست شود دارائي شركت بين طلبكاران خود شركت تقسيم شده و طلبكاران شخصي شركاء در آن حقي ندارند - سهم الشركه شركاء با مسئوليت محدود نيز جزو دارائي شركت محسوب است.\n\n'
 'ماده 173 - هر گاه شركت مختلط سهامي ورشكست شود شركاءِ سهامي تمام قيمت سهام خود را نپرداخته باشند مدير تصفيه آنچه را كه بر عهده آنها باقي است وصول ميكند.\n\n'
 'ماده 154 - بشريك با مسئوليت محدود فرع نميتوان داد مگر در صورتي كه موجب كسر سرمايه او در شركت نشود.\nاگر در نتيجه ضررهاي وارده سهم الشركه شريك با مسئوليت محدود كسر شد مادام كه اين كمبود جبران نشده تأديه هر ربح يا منفعتي باو ممنوع است.\nهر گاه وجهي برخلاف حكم فوق تأديه گرديد شريك با مسئوليت محدود تا معادل وجه دريافتي مسئول تعهدات شركت است مگر در مورديكه با حسن نيت و باعتبار بيلان مرتبي وجهي گرفته باشد.\n\n'
 'ماده 114 - شركت با مسئوليت محدود در موارد ذيل منحل ميشود:\nالف) در مورد فقرات 1 - 2 - 3 ماده 93.\nب) در صورت تصميم عدة از شركاء كه سهم الشركه آنها بيش از نصف سرمايه شركت باشد.\nج) در صورتيكه بواسطه ضررهاي وارده نصف سرمايه شركت از بين رفته و يكي از شركاء تقاضاي انحلال كرده و محكمه دلايل او را موجّه ديده و ساير شركاء حاضر نباشند سهمي را كه در صورت انحلال به او تعلق ميگيرد پرداخته و او را از شركت خارج كنند.\nد) در مورد فوت يكي از شركاء اگر بموجب اساسنامه پيش بيني شده باشد.\n\n']",سهم‌الشرکه‌های غیر نقدی باید هنگام تشکیل شرکت تقویم و تسلیم شوند. شرکاء در قبال قیمت تعیین شده برای سهم‌الشرکه‌های غیر نقدی در مقابل اشخاص ثالث مسئولیت تضامنی دارند. (مواد 96 و 98),0.7295012098042887
6,چه مواردی موجب بطلان یک شرکت با مسئولیت محدود می‌شود و چه تبعاتی برای شرکاء و مدیران دارد؟,"مواردی که موجب بطلان یک شرکت با مسئولیت محدود می‌شود عبارتند از:
1. عدم پرداخت تمام یا قسمتی از سهم الشرکه توسط یکی از شرکاء با مسئولیت محدود.
2. عدم تأدیه مسترد داشتن سهم الشرکه توسط یکی از شرکاء با مسئولیت محدود.

تبعات این موارد برای شرکاء و مدیران شامل اقامه دعوی مستقیم بر علیه شریک با مسئولیت محدود توسط طلبکاران شرکت و حق مزبور را مدیر تصفیه خواهد داشت.","['ماده 104 - شركت با مسئوليت محدود بوسيله يك يا چند نفر مدير موظف يا غير موظف كه از بين شركاء يا از خارج براي مدت محدود يانامحدودي معين ميشوند اداره ميگردد.\n\n'
 'ماده 213 - در شركتهاي سهامي و شركتهاي با مسئوليت محدود و شركتهاي تعاوني امر تصفيه بعهده مديران شركت است مگر آنكه اساسنامه يا اكثريت مجمع عمومي شركت ترتيب ديگري مقرر داشته باشد.\n\n'
 'ماده 152 - هر گاه شركت بطريقي غير از ورشكستگي منحل شود و شريك با مسئوليت محدود هنوز تمام يا قسمتي از سهم الشركه خود را نپرداخته و يا پس از تأديه مسترد داشته است طلبكاران شركت حق دارند معادل آنچه كه از بابت سهم الشركه باقي مانده است مستقيماً بر عليه شريك با مسئولت [مسئوليت] محدود اقامه دعوي نمايند. اگر شركت ورشكست شود حق مزبور را مدير تصفيه خواهد داشت.\n\n'
 'ماده 142(الحاقي 24ˏ12ˏ1347)- مديران و مدير عامل شركت در مقابل شركت و اشخاص ثالث نسبت بتخلف از مقررات قانوني يا اساسنامه شركت و يا مصوباتمجمع عمومي بر حسب مورد منفرداً يا مشتركاً مسئول ميباشند و دادگاه حدود مسئوليت هر يك را براي جبران خسارت تعيين خواهد نمود. \n\n'
 'ماده 147 - هر شريك با مسئوليت محدود حق نظارت در امور شركت داشته و ميتواند از روي دفاتر اسناد شركت براي اطلاع شخص خود راجع بوضعيت مالي شركت صورت خلاصه ترتيب دهد.\nهر قراردادي كه بين شركاء برخلاف اين ترتيب داده شود از درجه اعتبار ساقط است.\n\n']",تشکیل شرکت برخلاف مواد 96 و 97 موجب بطلان شرکت می‌شود. شرکاء و مدیران در این صورت در مقابل اشخاص ثالث مسئول خسارات ناشی از بطلان هستند. (مواد 100 و 101),0.8233678581412103
7,در صورت فوت یا محجوریت یکی از شرکاء شرکت تضامنی، چه اقداماتی باید انجام شود و چه تأثیری بر ادامه فعالیت شرکت دارد؟,در صورت فوت یا محجوریت یکی از شرکاء شرکت تضامنی، بر اساس ماده 139 اگر سایر شرکاء تصمیم به ادامه شرکت باشند، قائم مقام متوفی باید در مدت یک ماه از تاریخ فوت یا محجوریت خود را راجع به بقاء شرکت کتباً اعلام کند. اگر قائم مقام متوفی رضایت خود را اعلام کند، نسبت به اعمال شرکت در مدت مزبور از نفع و ضرر شریک خواهد بود. اما اگر اعلام عدم رضایت کند، شریک بوده و نسبت به ضرر آن مدت سهیم نخواهد بود. این اقدامات تأثیری بر ادامه فعالیت شرکت دارد و می‌تواند به بقاء یا انحلال شرکت منجر شود.,"['ماده 139 - در صورت فوت يكي از شركاء بقاءِ شركت موقوف برضايت ساير شركاء و قائم مقام متوفي خواهد بود - اگر ساير شركاء ببقاءِ شركت تصميم نموده باشند قائم مقام متوفي بايد در مدت يكماه از تاريخ فوت رضايت يا عدم رضايت خود را راجع ببقاءِ شركت كتباً اعلام نمايد در صورتيكه قائم مقام متوفي رضايت خود را اعلام نمود نسبت باعمال شركت در مدت مزبور از نفع و ضرر شريك خواهد بود ولي در صورت اعلام عدم رضايت در منافع حاصله در مدت مذكور شريك بوده و نسبت بضرر آن مدت سهيم نخواهد بود.\nسكوت تا انقضاي يكماه در حكم اعلام رضايت است.\n\n'
 'ماده 152 - هر گاه شركت بطريقي غير از ورشكستگي منحل شود و شريك با مسئوليت محدود هنوز تمام يا قسمتي از سهم الشركه خود را نپرداخته و يا پس از تأديه مسترد داشته است طلبكاران شركت حق دارند معادل آنچه كه از بابت سهم الشركه باقي مانده است مستقيماً بر عليه شريك با مسئولت [مسئوليت] محدود اقامه دعوي نمايند. اگر شركت ورشكست شود حق مزبور را مدير تصفيه خواهد داشت.\n\n'
 'ماده 506 - اگر شركت تضامني - مختلط يا نسبي ورشكست شود طلبكارها ميتوانند قرارداد ارفاقي را با شركت يا منحصراً با يك يا چند نفر ازشركاءِ ضامن منعقد نمايند. در صورت ثاني دارائي شركت تابع مقررات اين مبحث و بغرما تقسيم ميشود ولي دارائي شخصي شركائي كه با آنها قرارداد ارفاقي منعقد شده است بغرما تقسيم نخواهد شد - شريك يا شركاءِ ضامن كه با آنها قرارداد خصوصي منعقد شده نمي توانند تعهد حصة نمايند مگر از اموال شخصي خودشان - شريكي كه با او قرارداد مخصوص منعقد شده از مسئوليت ضمانتي مبري است.\n\n'
 'ماده 201(الحاقي 24ˏ12ˏ1347)- در موارد زير هر ذينفع ميتواند انحلال شركت را از دادگاه بخواهد\n1 - در صورتيكه تا يكسال پس از به ثبت رسيدن شركت هيچ اقدامي جهت انجام موضوع آن صورت نگرفته باشد و نيز در صورتيكه فعاليتهاي شركت در مدت بيش از يكسال متوقف شده باشد.\n2 - در صورتيكه مجمع عمومي سالانه براي رسيدگي بحسابهاي هر يك از سالهاي مالي تا ده ماه از تاريخي كه اساسنامه معين كرده استتشكيل نشده باشد.\n3 - در صورتيكه سمت تمام يا بعضي از اعضاي هيئت مديره و همچنين سمت مدير عامل شركت طي مدتي زائد بر ششماه بلامتصدي ماندهباشد.\n4 - در مورد بندهاي يك و دو ماده 199 در صورتيكه مجمع عمومي فوقالعاده صاحبان سهام جهت اعلام انحلال شركت تشكيل نشود و يا راي بانحلال شركت ندهد.\n\n'
 'ماده 135 - هر شركت تضامني مي تواند با تصويب تمام شركاء بشركت سهامي مبدل گردد در اينصورت رعايت تمام مقررات راجعه بشركت سهامي حتمي است.\n\n']",در صورت فوت یا محجوریت یکی از شرکاء، بقاء شرکت به رضایت سایر شرکاء و قائم مقام متوفی یا محجور بستگی دارد. قائم مقام باید در مدت یک ماه نسبت به ادامه یا عدم ادامه فعالیت شرکت اعلام نظر کند. (مواد 139 و 140),0.5745540989205645
8,چه شرایطی برای انتقال سهم‌الشرکه در شرکت‌های تضامنی و با مسئولیت محدود وجود دارد و چه تفاوت‌هایی در این دو نوع شرکت مشاهده می‌شود؟,بر اساس متن ارائه شده، در شرکت تضامنی منافع به نسبت سهم الشرکه بین شرکاء تقسیم می‌شود، مگر اینکه شرکتنامه غیر از این ترتیب را مقرر کند. اما در شرکت با مسئولیت محدود، هر یک از شرکاء تا میزان سرمایه خود در شرکت مسئول قروض و تعهدات شرکت هستند. این تفاوت نشان از وجود مسئولیت محدود در شرکت با مسئولیت محدود و عدم وجود آن در شرکت تضامنی دارد.,"['ماده 213 - در شركتهاي سهامي و شركتهاي با مسئوليت محدود و شركتهاي تعاوني امر تصفيه بعهده مديران شركت است مگر آنكه اساسنامه يا اكثريت مجمع عمومي شركت ترتيب ديگري مقرر داشته باشد.\n\n'
 'ماده 152 - هر گاه شركت بطريقي غير از ورشكستگي منحل شود و شريك با مسئوليت محدود هنوز تمام يا قسمتي از سهم الشركه خود را نپرداخته و يا پس از تأديه مسترد داشته است طلبكاران شركت حق دارند معادل آنچه كه از بابت سهم الشركه باقي مانده است مستقيماً بر عليه شريك با مسئولت [مسئوليت] محدود اقامه دعوي نمايند. اگر شركت ورشكست شود حق مزبور را مدير تصفيه خواهد داشت.\n\n'
 'ماده 119 - در شركت تضامني منافع به نسبت سهمالشركه بين شركاء تقسيم ميشود مگر آنكه شركتنامه غير از اين ترتيب را مقرر داشته باشد.\n\n'
 'ماده 156 - اگر شركت مختلط غيرسهامي ورشكست شود دارائي شركت بين طلبكاران خود شركت تقسيم شده و طلبكاران شخصي شركاء در آن حقي ندارند - سهم الشركه شركاء با مسئوليت محدود نيز جزو دارائي شركت محسوب است.\n\n'
 'ماده 94 - شركت با مسئوليت محدود شركتي است كه بين دو يا چند نفر براي امور تجارتي تشكيل شده و هر يك از شركاء بدون اينكه سرمايه بسهام يا قطعات سهام تقسيم شده باشد - فقط تا ميزان سرمايه خود در شركت مسئول قروض و تعهدات شركت است.\n\n']",در شرکت‌های با مسئولیت محدود، انتقال سهم‌الشرکه نیاز به رضایت شرکاء دارد، در حالی که در شرکت‌های تضامنی، هیچیک از شرکاء نمی‌توانند سهم خود را بدون رضایت تمام شرکاء منتقل کنند. (مواد 102، 103 و 123),0.4773677997885145
9,فرآیند اتخاذ تصمیمات در شرکت‌های با مسئولیت محدود و تضامنی چگونه است و چه نقشی در اداره این شرکت‌ها دارد؟,مطابق با متن ارائه شده، در شرکت‌های با مسئولیت محدود و تضامنی، مدیران موظف یا غیر موظف که از بین شرکاء یا از خارج برای مدت محدود یا نامحدودی معین می‌شوند، اداره شرکت را بر عهده دارند. آن‌ها کلیه اختیارات لازمه را برای نمایندگی و اداره شرکت دارند، مگر اینکه در اساسنامه غیر این ترتیب مقرر شده باشد. این مدیران در فرآیند اتخاذ تصمیمات و اداره روزمره شرکت‌ها نقش اساسی دارند.,"['ماده 213 - در شركتهاي سهامي و شركتهاي با مسئوليت محدود و شركتهاي تعاوني امر تصفيه بعهده مديران شركت است مگر آنكه اساسنامه يا اكثريت مجمع عمومي شركت ترتيب ديگري مقرر داشته باشد.\n\n'
 'ماده 152 - هر گاه شركت بطريقي غير از ورشكستگي منحل شود و شريك با مسئوليت محدود هنوز تمام يا قسمتي از سهم الشركه خود را نپرداخته و يا پس از تأديه مسترد داشته است طلبكاران شركت حق دارند معادل آنچه كه از بابت سهم الشركه باقي مانده است مستقيماً بر عليه شريك با مسئولت [مسئوليت] محدود اقامه دعوي نمايند. اگر شركت ورشكست شود حق مزبور را مدير تصفيه خواهد داشت.\n\n'
 'ماده 104 - شركت با مسئوليت محدود بوسيله يك يا چند نفر مدير موظف يا غير موظف كه از بين شركاء يا از خارج براي مدت محدود يانامحدودي معين ميشوند اداره ميگردد.\n\n'
 'ماده 204(الحاقي 24ˏ12ˏ1347)- امر تصفيه با مديران شركت است مگر آنكه اساسنامه شركت يا مجمع عمومي فوقالعادهاي كه رأي بانحلال ميدهد ترتيب ديگري مقرر داشته باشد.\n\n'
 'ماده 105 - مديران شركت كليه اختيارات لازمه را براي نمايندگي و اداره شركت خواهند داشت مگر اينكه در اساسنامه غير اين ترتيب مقرر شده باشد هر قرارداد راجع به محدود كردن اختيارات مديران كه در اساسنامه تصريح به آن نشده در مقابل اشخاص ثالث باطل و كان لم يكن است.\n\n']",در شرکت‌های با مسئولیت محدود، تصمیمات باید با اکثریت لااقل نصف سرمایه اتخاذ شود. در شرکت‌های تضامنی، تصمیمات با تراضی تمام شرکاء یا بر اساس مقررات خاص اساسنامه انجام می‌شود. (مواد 106 و 136),0.7918245295984006
10,چه زمانی شرکت‌های با مسئولیت محدود و تضامنی به انحلال می‌رسند و چه فرآیندهایی باید دنبال شود؟,شرکت‌های با مسئولیت محدود و تضامنی به انحلال می‌رسند زمانی که یکی از شرکا با مسئولیت محدود تمام یا قسمتی از سهم خود را پرداخت نکند یا پس از پرداخت مسترد داشته باشد. در این صورت، طلبکاران شرکت حق دارند اقدامات قانونی را علیه شریک با مسئولیت محدود انجام دهند. برای انحلال شرکت، فرآیند تصفیه بر عهده مدیران شرکت است، مگر اینکه اساسنامه یا مجمع عمومی شرکت ترتیب دیگری مقرر کند.,"['ماده 152 - هر گاه شركت بطريقي غير از ورشكستگي منحل شود و شريك با مسئوليت محدود هنوز تمام يا قسمتي از سهم الشركه خود را نپرداخته و يا پس از تأديه مسترد داشته است طلبكاران شركت حق دارند معادل آنچه كه از بابت سهم الشركه باقي مانده است مستقيماً بر عليه شريك با مسئولت [مسئوليت] محدود اقامه دعوي نمايند. اگر شركت ورشكست شود حق مزبور را مدير تصفيه خواهد داشت.\n\n'
 'ماده 213 - در شركتهاي سهامي و شركتهاي با مسئوليت محدود و شركتهاي تعاوني امر تصفيه بعهده مديران شركت است مگر آنكه اساسنامه يا اكثريت مجمع عمومي شركت ترتيب ديگري مقرر داشته باشد.\n\n'
 'ماده 104 - شركت با مسئوليت محدود بوسيله يك يا چند نفر مدير موظف يا غير موظف كه از بين شركاء يا از خارج براي مدت محدود يانامحدودي معين ميشوند اداره ميگردد.\n\n'
 'ماده 154 - بشريك با مسئوليت محدود فرع نميتوان داد مگر در صورتي كه موجب كسر سرمايه او در شركت نشود.\nاگر در نتيجه ضررهاي وارده سهم الشركه شريك با مسئوليت محدود كسر شد مادام كه اين كمبود جبران نشده تأديه هر ربح يا منفعتي باو ممنوع است.\nهر گاه وجهي برخلاف حكم فوق تأديه گرديد شريك با مسئوليت محدود تا معادل وجه دريافتي مسئول تعهدات شركت است مگر در مورديكه با حسن نيت و باعتبار بيلان مرتبي وجهي گرفته باشد.\n\n'
 'ماده 160 - اگر شريك ضامن بيش از يك نفر باشد مسئوليت آنها در مقابل طلبكاران و روابط آنها با يكديگر تابع مقررات راجع بشركتهاي تضامني است.\n\n']",شرکت‌های با مسئولیت محدود و تضامنی می‌توانند در صورت تصمیم شرکاء یا وقوع شرایط خاص قانونی منحل شوند. فرآیندهای انحلال شامل تصفیه امور مالی و اعلام به ثبت شرکت‌ها است. (مواد 114 و 136),0.7365187404763089
11,چه مسئولیت‌هایی بر عهده مدیران شرکت‌های با مسئولیت محدود در قبال اسناد مالی و اداره شرکت وجود دارد؟,مدیران شرکت‌های با مسئولیت محدود مسئولیت‌هایی نظیر اداره شرکت، اجرای مقررات قانونی و اساسنامه شرکت، تصفیه اسناد مالی و اعلان اسامی اشخاصی که برای تصفیه معین شده‌اند را بر عهده دارند.,"['ماده 213 - در شركتهاي سهامي و شركتهاي با مسئوليت محدود و شركتهاي تعاوني امر تصفيه بعهده مديران شركت است مگر آنكه اساسنامه يا اكثريت مجمع عمومي شركت ترتيب ديگري مقرر داشته باشد.\n\n'
 'ماده 104 - شركت با مسئوليت محدود بوسيله يك يا چند نفر مدير موظف يا غير موظف كه از بين شركاء يا از خارج براي مدت محدود يانامحدودي معين ميشوند اداره ميگردد.\n\n'
 'ماده 152 - هر گاه شركت بطريقي غير از ورشكستگي منحل شود و شريك با مسئوليت محدود هنوز تمام يا قسمتي از سهم الشركه خود را نپرداخته و يا پس از تأديه مسترد داشته است طلبكاران شركت حق دارند معادل آنچه كه از بابت سهم الشركه باقي مانده است مستقيماً بر عليه شريك با مسئولت [مسئوليت] محدود اقامه دعوي نمايند. اگر شركت ورشكست شود حق مزبور را مدير تصفيه خواهد داشت.\n\n'
 'ماده 142(الحاقي 24ˏ12ˏ1347)- مديران و مدير عامل شركت در مقابل شركت و اشخاص ثالث نسبت بتخلف از مقررات قانوني يا اساسنامه شركت و يا مصوباتمجمع عمومي بر حسب مورد منفرداً يا مشتركاً مسئول ميباشند و دادگاه حدود مسئوليت هر يك را براي جبران خسارت تعيين خواهد نمود. \n\n'
 'ماده 205 - در هر مورد كه اشخاصي غير از مديران شركت براي تصفيه معين شوند اسامي آنها بايد در اداره ثبت اسناد ثبت و اعلان گردد.\n\n']",مدیران شرکت‌های با مسئولیت محدود مسئول نمایندگی، اداره امور شرکت و رعایت دقیق قوانین و مقررات مالی شرکت هستند. این مسئولیت‌ها شامل نگهداری دقیق اسناد مالی و اجرای تصمیمات شرکاء می‌شود. (مواد 104 و 105),0.612539554943603
12,چگونه می‌توان از بطلان شرکت با مسئولیت محدود جلوگیری کرد و چه اقداماتی باید در صورت بطلان انجام شود؟,"برای جلوگیری از بطلان شرکت با مسئولیت محدود، اهمیت دادن به نظارت و اطلاع‌رسانی در امور شرکت بسیار مهم است. هر شریک با مسئولیت محدود حق نظارت دارد و می‌تواند از روی دفاتر اسناد شرکت برای اطلاع شخص خود درباره وضعیت مالی شرکت صورت خلاصه تهیه کند. همچنین، هر قراردادی که بیان کند برخلاف این ترتیب داده شود، اعتبار ساقط است.

در صورت بطلان شرکت، اقداماتی باید انجام شود که شامل مسئولیت شرکایی است که به بطلان شرکت منجر شده‌اند. همچنین، هیئت نظار و مدیرانی که در حین بطلان حضور داشته‌اند و وظایف خود را انجام نداده‌اند، نیز مسئول خسارات ناشی از بطلان خواهند بود. مدت زمان برای اقدام در این زمینه ده سال از تاریخ بطلان است.","['ماده 152 - هر گاه شركت بطريقي غير از ورشكستگي منحل شود و شريك با مسئوليت محدود هنوز تمام يا قسمتي از سهم الشركه خود را نپرداخته و يا پس از تأديه مسترد داشته است طلبكاران شركت حق دارند معادل آنچه كه از بابت سهم الشركه باقي مانده است مستقيماً بر عليه شريك با مسئولت [مسئوليت] محدود اقامه دعوي نمايند. اگر شركت ورشكست شود حق مزبور را مدير تصفيه خواهد داشت.\n\n'
 'ماده 147 - هر شريك با مسئوليت محدود حق نظارت در امور شركت داشته و ميتواند از روي دفاتر اسناد شركت براي اطلاع شخص خود راجع بوضعيت مالي شركت صورت خلاصه ترتيب دهد.\nهر قراردادي كه بين شركاء برخلاف اين ترتيب داده شود از درجه اعتبار ساقط است.\n\n'
 'ماده 154 - بشريك با مسئوليت محدود فرع نميتوان داد مگر در صورتي كه موجب كسر سرمايه او در شركت نشود.\nاگر در نتيجه ضررهاي وارده سهم الشركه شريك با مسئوليت محدود كسر شد مادام كه اين كمبود جبران نشده تأديه هر ربح يا منفعتي باو ممنوع است.\nهر گاه وجهي برخلاف حكم فوق تأديه گرديد شريك با مسئوليت محدود تا معادل وجه دريافتي مسئول تعهدات شركت است مگر در مورديكه با حسن نيت و باعتبار بيلان مرتبي وجهي گرفته باشد.\n\n'
 'ماده 101 - اگر حكم بطلان شركت باستناد ماده قبل صادر شود شركائي كه بطلان مستند بعمل آنها است و هيئت نظار و مديرهائي كه در حين حدوث سبب بطلان يا بلافاصله پس از آن سر كار بوده و انجام وظيفه نكردهاند در مقابل شركاءِ ديگر و اشخاص ثالث نسبت بخسارات ناشيه از اين بطلان متضامناً مسئول خواهند بود.\nمدت مرور زمان ده سال از تاريخ حدوث موجب بطلان است.\n\n'
 'ماده 104 - شركت با مسئوليت محدود بوسيله يك يا چند نفر مدير موظف يا غير موظف كه از بين شركاء يا از خارج براي مدت محدود يانامحدودي معين ميشوند اداره ميگردد.\n\n']",جلوگیری از بطلان شرکت با مسئولیت محدود شامل رعایت دقیق قوانین و مقررات مربوط به تشکیل و اداره شرکت است. در صورت بطلان، مسئولیت جبران خسارات بر عهده شرکاء و مدیرانی است که موجب بطلان شده‌اند. (مواد 100 و 101),0.4498827205504749
13,تأثیر فوت یا محجوریت شریک بر روی ادامه فعالیت شرکت‌های تضامنی و با مسئولیت محدود چیست؟,تأثیر فوت یا محجوریت شریک بر روی ادامه فعالیت شرکت‌های تضامنی و با مسئولیت محدود این است که در صورت فوت یکی از شرکاء، بقای شرکت موقوف بر رضایت سایر شرکاء و قائم مقام متوفی خواهد بود. اگر سایر شرکاء تصمیم به ادامه شرکت بدون شریک فوتی گرفته باشند، قائم مقام متوفی باید در مدت یک ماه از تاریخ فوت رضایت یا عدم رضایت خود را راجع به بقای شرکت کتباً اعلام نماید. در صورت عدم رضایت، شریک متوفی در منافع حاصله در مدت مذکور سهیم نخواهد بود.,"['ماده 152 - هر گاه شركت بطريقي غير از ورشكستگي منحل شود و شريك با مسئوليت محدود هنوز تمام يا قسمتي از سهم الشركه خود را نپرداخته و يا پس از تأديه مسترد داشته است طلبكاران شركت حق دارند معادل آنچه كه از بابت سهم الشركه باقي مانده است مستقيماً بر عليه شريك با مسئولت [مسئوليت] محدود اقامه دعوي نمايند. اگر شركت ورشكست شود حق مزبور را مدير تصفيه خواهد داشت.\n\n'
 'ماده 213 - در شركتهاي سهامي و شركتهاي با مسئوليت محدود و شركتهاي تعاوني امر تصفيه بعهده مديران شركت است مگر آنكه اساسنامه يا اكثريت مجمع عمومي شركت ترتيب ديگري مقرر داشته باشد.\n\n'
 'ماده 154 - بشريك با مسئوليت محدود فرع نميتوان داد مگر در صورتي كه موجب كسر سرمايه او در شركت نشود.\nاگر در نتيجه ضررهاي وارده سهم الشركه شريك با مسئوليت محدود كسر شد مادام كه اين كمبود جبران نشده تأديه هر ربح يا منفعتي باو ممنوع است.\nهر گاه وجهي برخلاف حكم فوق تأديه گرديد شريك با مسئوليت محدود تا معادل وجه دريافتي مسئول تعهدات شركت است مگر در مورديكه با حسن نيت و باعتبار بيلان مرتبي وجهي گرفته باشد.\n\n'
 'ماده 139 - در صورت فوت يكي از شركاء بقاءِ شركت موقوف برضايت ساير شركاء و قائم مقام متوفي خواهد بود - اگر ساير شركاء ببقاءِ شركت تصميم نموده باشند قائم مقام متوفي بايد در مدت يكماه از تاريخ فوت رضايت يا عدم رضايت خود را راجع ببقاءِ شركت كتباً اعلام نمايد در صورتيكه قائم مقام متوفي رضايت خود را اعلام نمود نسبت باعمال شركت در مدت مزبور از نفع و ضرر شريك خواهد بود ولي در صورت اعلام عدم رضايت در منافع حاصله در مدت مذكور شريك بوده و نسبت بضرر آن مدت سهيم نخواهد بود.\nسكوت تا انقضاي يكماه در حكم اعلام رضايت است.\n\n'
 'ماده 160 - اگر شريك ضامن بيش از يك نفر باشد مسئوليت آنها در مقابل طلبكاران و روابط آنها با يكديگر تابع مقررات راجع بشركتهاي تضامني است.\n\n']",فوت یا محجوریت یک شریک می‌تواند منجر به تجدید نظر در ادامه فعالیت شرکت شود. در شرکت‌های تضامنی، این موقعیت نیاز به رضایت سایر شرکاء و قائم مقام متوفی دارد. در شرکت‌های با مسئولیت محدود، این وضعیت تأثیر مستقیمی بر ساختار شرکت دارد. (مواد 139، 140),0.7358804809874171
14,در چه شرایطی می‌توان اقدام به تغییر ساختار شرکت از تضامنی به با مسئولیت محدود یا بالعکس کرد؟,می‌توان اقدام به تغییر ساختار شرکت از تضامنی به با مسئولیت محدود یا بالعکس کرد، در صورتی که تصمیماتی برای تغییر اساسنامه شرکت اتخاذ شود و مقررات مواد 195 و 197 رعایت شود.,"['ماده 147 - هر شريك با مسئوليت محدود حق نظارت در امور شركت داشته و ميتواند از روي دفاتر اسناد شركت براي اطلاع شخص خود راجع بوضعيت مالي شركت صورت خلاصه ترتيب دهد.\nهر قراردادي كه بين شركاء برخلاف اين ترتيب داده شود از درجه اعتبار ساقط است.\n\n'
 'ماده 152 - هر گاه شركت بطريقي غير از ورشكستگي منحل شود و شريك با مسئوليت محدود هنوز تمام يا قسمتي از سهم الشركه خود را نپرداخته و يا پس از تأديه مسترد داشته است طلبكاران شركت حق دارند معادل آنچه كه از بابت سهم الشركه باقي مانده است مستقيماً بر عليه شريك با مسئولت [مسئوليت] محدود اقامه دعوي نمايند. اگر شركت ورشكست شود حق مزبور را مدير تصفيه خواهد داشت.\n\n'
 'ماده 200 - در هر موقع كه تصميماتي براي تغيير اساسنامه شركت يا تمديد مدت شركت زائد بر مدت مقرر يا انحلال شركت (حتي در موارديكه انحلال بواسطه انقضاي مدت شركت صورت ميگيرد) و تعيين كيفيت تفريغ حساب يا تبديل شركاء يا خروج بعضي از آنها از شركت يا تغيير اسم شركت اتخاذ شود مقررات مواد 195 و 197 لازمالرعايه است. همين ترتيب در موقع هر تصميمي كه نسبت بمورد معين در ماده 79 اين قانون اتخاذ ميشود رعايت خواهد شد.\n\n'
 'ماده 182 - هر گاه در اساسنامه براي مجمع عمومي حق تصميم بانحلال معين نشده و بين مجمع عمومي و شركاءِ ضامن راجع بانحلال موافقت حاصل نشود و محكمه دلائل طرفداران انحلال را موجّه ببيند حكم بانحلال خواهد داد. همين حكم در موردي نيز جاري است كه يكي از شركاءِ ضامن بدلائلي انحلال شركت را از محكمه تقاضا نموده و محكمه آن دلائل را موجّه ببيند.\n\nمبحث ششم - شركت نسبي\n\n'
 'ماده 201(الحاقي 24ˏ12ˏ1347)- در موارد زير هر ذينفع ميتواند انحلال شركت را از دادگاه بخواهد\n1 - در صورتيكه تا يكسال پس از به ثبت رسيدن شركت هيچ اقدامي جهت انجام موضوع آن صورت نگرفته باشد و نيز در صورتيكه فعاليتهاي شركت در مدت بيش از يكسال متوقف شده باشد.\n2 - در صورتيكه مجمع عمومي سالانه براي رسيدگي بحسابهاي هر يك از سالهاي مالي تا ده ماه از تاريخي كه اساسنامه معين كرده استتشكيل نشده باشد.\n3 - در صورتيكه سمت تمام يا بعضي از اعضاي هيئت مديره و همچنين سمت مدير عامل شركت طي مدتي زائد بر ششماه بلامتصدي ماندهباشد.\n4 - در مورد بندهاي يك و دو ماده 199 در صورتيكه مجمع عمومي فوقالعاده صاحبان سهام جهت اعلام انحلال شركت تشكيل نشود و يا راي بانحلال شركت ندهد.\n\n']",تغییر ساختار شرکت از تضامنی به با مسئولیت محدود یا بالعکس نیاز به تصویب تمام شرکاء و رعایت مقررات مربوط به هر نوع شرکت دارد. این فرآیند شامل انجام تغییرات در اسناد ثبتی و اساسنامه شرکت می‌شود. (مواد 135 و 136),0.4881672521778873
15,چه روابطی بین مسئولیت‌های شرکاء در شرکت‌های تضامنی و با مسئولیت محدود وجود دارد و چگونه این مسئولیت‌ها در قبال طلبکاران تعریف می‌شوند؟,در شرکت تضامنی، هر یک از شرکاء مسئولیت تضامنی دارند و در صورت عدم توانایی شرکت در پرداخت بدهی‌ها، هر یک از شرکاء می‌توانند مطابق قانون مسئولیت کامل برای پرداخت بدهی‌ها داشته باشند. اما در شرکت با مسئولیت محدود، هر شریک فقط تا میزان سرمایه خود در شرکت مسئولیت دارد و مسئولیت او محدود به این میزان است. در هر دو نوع شرکت، طلبکاران حق دارند در صورت عدم پرداخت بدهی‌ها، اقدامات قانونی را برای تأمین مطالبات خود علیه شرکاء انجام دهند.,"['ماده 152 - هر گاه شركت بطريقي غير از ورشكستگي منحل شود و شريك با مسئوليت محدود هنوز تمام يا قسمتي از سهم الشركه خود را نپرداخته و يا پس از تأديه مسترد داشته است طلبكاران شركت حق دارند معادل آنچه كه از بابت سهم الشركه باقي مانده است مستقيماً بر عليه شريك با مسئولت [مسئوليت] محدود اقامه دعوي نمايند. اگر شركت ورشكست شود حق مزبور را مدير تصفيه خواهد داشت.\n\n'
 'ماده 203 - در شركت هاي تضامني و نسبي و مختلط سهامي و غيرسهامي امر تصفيه با مدير يا مديران شركت است مگر آنكه شركاءِ ضامن اشخاص ديگري را از خارج يا از بين خود براي تصفيه معين نمايند.\n\n'
 'ماده 95 - در اسم شركت بايد عبارت (با مسئوليت محدود) قيد شود و الا آن شركت در مقابل اشخاص ثالث شركت تضامني محسوب و تابعمقررات آن خواهد بود.\nاسم شركت نبايد متضمن اسم هيچيك از شركاء باشد و الا شريكي كه اسم او در اسم شركت قيد شده در مقابل اشخاص ثالث حكم شريك ضامن درشركت تضامني را خواهد داشت.\n\n'
 'ماده 116 - شركت تضامني شركتي است كه در تحت اسم مخصوصي براي امور تجارتي بين دو يا چند نفر با مسئوليت تضامني تشكيل ميشود : اگر دارائي شركت براي تأديه تمام قروض كافي نباشد هر يك از شركاء مسئول پرداخت تمام قروض شركت است.\nهر قراري كه بين شركاء برخلاف اين ترتيب داده شده باشد در مقابل اشخاص ثالث كان لم يكن خواهد بود.\n\n'
 'ماده 94 - شركت با مسئوليت محدود شركتي است كه بين دو يا چند نفر براي امور تجارتي تشكيل شده و هر يك از شركاء بدون اينكه سرمايه بسهام يا قطعات سهام تقسيم شده باشد - فقط تا ميزان سرمايه خود در شركت مسئول قروض و تعهدات شركت است.\n\n']",در شرکت‌های تضامنی، شرکاء به صورت تضامنی مسئول قروض شرکت هستند، در حالی که در شرکت‌های با مسئولیت محدود، شرکاء تنها تا میزان سرمایه خود مسئولیت دارند. این تفاوت‌ها تأثیر مستقیمی بر نحوه برخورد طلبکاران با شرکت و شرکاء در صورت بدهی دارد. (مواد 94، 116 و 124),0.7838431268035135
16,چه تبعاتی برای شرکاء و مدیران در صورت تقسیم منافع نادرست یا ارائه اطلاعات مالی نادرست در شرکت‌های با مسئولیت محدود وجود دارد؟,تبعاتی که برای شرکاء و مدیران در صورت تقسیم منافع نادرست یا ارائه اطلاعات مالی نادرست در شرکت‌های با مسئولیت محدود وجود دارد شامل مسئولیت قانونی است که می‌تواند به آنها تحمیل شود. به عبارت دیگر، در صورتی که شرکاء یا مدیران اطلاعات مالی نادرست ارائه دهند یا منافع را به طور نادرست تقسیم کنند، ممکن است مسئولیت قانونی به آنها تحمیل شود و باید خسارات وارده را جبران کنند.,"['ماده 213 - در شركتهاي سهامي و شركتهاي با مسئوليت محدود و شركتهاي تعاوني امر تصفيه بعهده مديران شركت است مگر آنكه اساسنامه يا اكثريت مجمع عمومي شركت ترتيب ديگري مقرر داشته باشد.\n\n'
 'ماده 152 - هر گاه شركت بطريقي غير از ورشكستگي منحل شود و شريك با مسئوليت محدود هنوز تمام يا قسمتي از سهم الشركه خود را نپرداخته و يا پس از تأديه مسترد داشته است طلبكاران شركت حق دارند معادل آنچه كه از بابت سهم الشركه باقي مانده است مستقيماً بر عليه شريك با مسئولت [مسئوليت] محدود اقامه دعوي نمايند. اگر شركت ورشكست شود حق مزبور را مدير تصفيه خواهد داشت.\n\n'
 'ماده 147 - هر شريك با مسئوليت محدود حق نظارت در امور شركت داشته و ميتواند از روي دفاتر اسناد شركت براي اطلاع شخص خود راجع بوضعيت مالي شركت صورت خلاصه ترتيب دهد.\nهر قراردادي كه بين شركاء برخلاف اين ترتيب داده شود از درجه اعتبار ساقط است.\n\n'
 'ماده 104 - شركت با مسئوليت محدود بوسيله يك يا چند نفر مدير موظف يا غير موظف كه از بين شركاء يا از خارج براي مدت محدود يانامحدودي معين ميشوند اداره ميگردد.\n\n'
 'ماده 142(الحاقي 24ˏ12ˏ1347)- مديران و مدير عامل شركت در مقابل شركت و اشخاص ثالث نسبت بتخلف از مقررات قانوني يا اساسنامه شركت و يا مصوباتمجمع عمومي بر حسب مورد منفرداً يا مشتركاً مسئول ميباشند و دادگاه حدود مسئوليت هر يك را براي جبران خسارت تعيين خواهد نمود. \n\n']",تقسیم منافع نادرست یا ارائه اطلاعات مالی نادرست می‌تواند منجر به مسئولیت قانونی برای شرکاء و مدیران شود، از جمله مسئولیت مدنی و جزایی برای جبران خسارات وارده به شرکت یا طلبکاران. (مواد 100، 101 و 115),0.4905740438475999
17,چگونه می‌توان اختیارات مدیریتی در شرکت‌های با مسئولیت محدود را محدود کرد و چه تأثیری بر نمایندگی شرکت در قبال اشخاص ثالث دارد؟,اختیارات مدیران در شرکت‌های با مسئولیت محدود می‌تواند توسط اساسنامه شرکت محدود شود. اگر در اساسنامه تصریح شود که اختیارات مدیران محدود می‌شود، هر قراردادی که اختیارات مدیران را محدود کند و در اساسنامه تصریح نشده باشد، با اشخاص ثالث باطل است. این موضوع می‌تواند تأثیر مهمی بر نمایندگی شرکت در قبال اشخاص ثالث داشته باشد، زیرا اگر اختیارات مدیران محدود شود، آنها نمی‌توانند به نمایندگی شرکت در قبال اشخاص ثالث اقدام کنند و هر قراردادی که توسط آنها انجام شود، باطل خواهد بود.,"['ماده 213 - در شركتهاي سهامي و شركتهاي با مسئوليت محدود و شركتهاي تعاوني امر تصفيه بعهده مديران شركت است مگر آنكه اساسنامه يا اكثريت مجمع عمومي شركت ترتيب ديگري مقرر داشته باشد.\n\n'
 'ماده 104 - شركت با مسئوليت محدود بوسيله يك يا چند نفر مدير موظف يا غير موظف كه از بين شركاء يا از خارج براي مدت محدود يانامحدودي معين ميشوند اداره ميگردد.\n\n'
 'ماده 105 - مديران شركت كليه اختيارات لازمه را براي نمايندگي و اداره شركت خواهند داشت مگر اينكه در اساسنامه غير اين ترتيب مقرر شده باشد هر قرارداد راجع به محدود كردن اختيارات مديران كه در اساسنامه تصريح به آن نشده در مقابل اشخاص ثالث باطل و كان لم يكن است.\n\n'
 'ماده 152 - هر گاه شركت بطريقي غير از ورشكستگي منحل شود و شريك با مسئوليت محدود هنوز تمام يا قسمتي از سهم الشركه خود را نپرداخته و يا پس از تأديه مسترد داشته است طلبكاران شركت حق دارند معادل آنچه كه از بابت سهم الشركه باقي مانده است مستقيماً بر عليه شريك با مسئولت [مسئوليت] محدود اقامه دعوي نمايند. اگر شركت ورشكست شود حق مزبور را مدير تصفيه خواهد داشت.\n\n'
 'ماده 154 - بشريك با مسئوليت محدود فرع نميتوان داد مگر در صورتي كه موجب كسر سرمايه او در شركت نشود.\nاگر در نتيجه ضررهاي وارده سهم الشركه شريك با مسئوليت محدود كسر شد مادام كه اين كمبود جبران نشده تأديه هر ربح يا منفعتي باو ممنوع است.\nهر گاه وجهي برخلاف حكم فوق تأديه گرديد شريك با مسئوليت محدود تا معادل وجه دريافتي مسئول تعهدات شركت است مگر در مورديكه با حسن نيت و باعتبار بيلان مرتبي وجهي گرفته باشد.\n\n']",اختیارات مدیریتی در شرکت‌های با مسئولیت محدود می‌تواند از طریق اساسنامه محدود شود. هرگونه قراردادی که اختیارات مدیران را محدود کند و در اساسنامه ذکر نشده باشد، در مقابل اشخاص ثالث باطل است. (مواد 104 و 105),0.6163478462175719
18,نقش هیئت نظار در شرکت‌های با مسئولیت محدود با بیش از دوازده شریک چیست و چه وظایفی دارد؟,هیئت نظار در شرکت‌های با مسئولیت محدود با بیش از دوازده شریک، وظیفه‌ی تحقیق و اطمینان حاصل کردن از رعایت دستور مواد 96 و 97 را دارد. همچنین می‌تواند شرکاء را برای انعقاد مجمع عمومی فوق‌العاده دعوت کند و مقررات مربوط به شرکت‌های با مسئولیت محدود را رعایت می‌کند.,"['ماده 109 - هر شركت با مسئوليت محدود كه عده شركاءِ آن بيش از دوازده نفر باشد بايد داراي هيئت نظار بوده و هيئت مزبور لااقل سالي يكمرتبه مجمع عمومي شركاء را تشكيل دهد.\nهيئت نظار بايد بلافاصله بعد از انتخاب شدن تحقيق كرده و اطمينان حاصل كند كه دستور مواد 96 و 97 رعايت شده است.\nهيئت نظار ميتواند شركاء را براي انعقاد مجمع عمومي فوقالعاده دعوت نمايد مقررات مواد 165 - 167 - 168 و 170 در مورد شركتهاي با مسئوليت محدود نيز رعايت خواهد شد.\n\n'
 'ماده 213 - در شركتهاي سهامي و شركتهاي با مسئوليت محدود و شركتهاي تعاوني امر تصفيه بعهده مديران شركت است مگر آنكه اساسنامه يا اكثريت مجمع عمومي شركت ترتيب ديگري مقرر داشته باشد.\n\n'
 'ماده 104 - شركت با مسئوليت محدود بوسيله يك يا چند نفر مدير موظف يا غير موظف كه از بين شركاء يا از خارج براي مدت محدود يانامحدودي معين ميشوند اداره ميگردد.\n\n'
 'ماده 147 - هر شريك با مسئوليت محدود حق نظارت در امور شركت داشته و ميتواند از روي دفاتر اسناد شركت براي اطلاع شخص خود راجع بوضعيت مالي شركت صورت خلاصه ترتيب دهد.\nهر قراردادي كه بين شركاء برخلاف اين ترتيب داده شود از درجه اعتبار ساقط است.\n\n'
 'ماده 206 - در شركتهاي مختلط (سهامي و غير سهامي) شركاءِ غير ضامن حق دارند يك يا چند نفر براي نظارت در امر تصفيه معين نمايند.\n\n']",هیئت نظار در شرکت‌های با مسئولیت محدود با بیش از دوازده شریک وظیفه نظارت بر رعایت قوانین و مقررات، اطمینان از اجرای صحیح مواد 96 و 97 و دعوت به مجمع عمومی دارد. (ماده 109),0.5417287915629334
19,چه شرایطی برای تغییر تابعیت یک شرکت و تغییرات دیگر در اساسنامه شرکت‌های با مسئولیت محدود و تضامنی وجود دارد؟,برای تغییر تابعیت یک شرکت و تغییرات دیگر در اساسنامه شرکت‌های با مسئولیت محدود و تضامنی، باید با اکثریت مجمع عمومی شرکت تصمیم گرفته شود، مگر اینکه در اساسنامه شرکت شرایط دیگری مشخص شده باشد.,"['ماده 213 - در شركتهاي سهامي و شركتهاي با مسئوليت محدود و شركتهاي تعاوني امر تصفيه بعهده مديران شركت است مگر آنكه اساسنامه يا اكثريت مجمع عمومي شركت ترتيب ديگري مقرر داشته باشد.\n\n'
 'ماده 296(الحاقي 24ˏ12ˏ1347)- در آگهي تبديل شركتهاي سهامي موجود در تاريخ تصويب اين قانون بشركت سهامي عام بايد كليه مندرجات اعلاميه تبديل شركت ذكر گردد و قيد شود كه اساسنامه شركت و صورت دارائي شركت و اموال منقول و غير منقول و آخرين ترازنامه و حساب سود و زيان آن در مرجع ثبت شركتها و در مركز شركت براي مراجعه علاقمندان آماده ميباشد. آگهي تبديل شركت بايد علاوه بر روزنامه كثير الانتشاري كه آگهيهاي شركت در آن درج ميگردد اقلا در يك روزنامه كثيرالانتشار ديگر نيز آگهي شود.\n\n'
 'ماده 281(الحاقي 24ˏ12ˏ1347)- در آگهي تبديل شركت بايد كليه مندرجات اعلاميه تبديل شركت ذكر گردد و قيد شود كه اساسنامه شركت و دو ترازنامه و حساب سود وزيان آن مربوط بدو سال قبل از اتخاذ تصميم نسبت به تبديل شركت و همچنين صورت دارائي شركت و اموال منقول و غير منقول آن در مرجع ثبت شركتها و در مركز شركت براي مراجعه علاقمندان آماده ميباشد آگهي تبديل شركت بايد علاوه بر روزنامه كثيرالانتشاري كه آگهيهاي شركت در آن درج ميگردد اقلا در يك روزنامه كثيرالانتشار ديگر نيز آگهي شود.\n\n'
 'ماده 152 - هر گاه شركت بطريقي غير از ورشكستگي منحل شود و شريك با مسئوليت محدود هنوز تمام يا قسمتي از سهم الشركه خود را نپرداخته و يا پس از تأديه مسترد داشته است طلبكاران شركت حق دارند معادل آنچه كه از بابت سهم الشركه باقي مانده است مستقيماً بر عليه شريك با مسئولت [مسئوليت] محدود اقامه دعوي نمايند. اگر شركت ورشكست شود حق مزبور را مدير تصفيه خواهد داشت.\n\n'
 'ماده 111 - هر تغيير ديگري راجع باساسنامه بايد باكثريت عددي شركاء كه لااقل سه ربع سرمايه را نيز دارا باشند بعمل آيد مگر اينكه در اساسنامه اكثريت ديگري مقرر شده باشد.\n\n']",تغییر تابعیت شرکت فقط با تفاق آراء شرکاء ممکن است. هر تغییر دیگری در اساسنامه نیاز به اکثریت عددی شرکاء دارد که لااقل سه ربع سرمایه را داشته باشند. (مواد 110 و 111),0.6081951671580917
20, قبل از صدور حکم ورشکستگی تاجر، حکمی در محکومیت مالی تاجر به پرداخت مبلغ دین به نفع یکی از طلبکاران صادر و اجرا شده است. بعد از صدور حکم ورشکستگی، دادگاه تاریخ توقف او را قبل از عملیات اجرایی حکم موردی مزبور تعیین نموده است. این امر چه تأثیری نسبت به حکم اجرا شده فوق دارد؟,تاریخ توقف تاجر که توسط دادگاه تعیین شده است، قطعی و غیرقابل تغییر خواهد بود و هیچ تقاضایی از طرف طلبکاران راجع به تعیین تاریخ توقف بغیر از آن تاریخی که توسط دادگاه تعیین شده است، قبول نخواهد شد. این بعد از صدور حکم ورشکستگی تأثیری بر حکم اجرایی مالی که قبلاً برای تاجر صادر شده است، ندارد.,"['ماده 557 - كليه قراردادهائي كه پس از تاريخ توقف تاجر منعقد شده باشد نسبت بهر كس حتي خود تاجر ورشكسته محكوم به بطلان است - طرف قرارداد مجبور است كه وجوه يا اموالي را كه بموجب قرارداد باطل شده دريافت كرده است باشخاص ذيحق مسترد دارد.\n\n'
 'ماده 424 - هر گاه در نتيجه اقامه دعوي از طرف مدير تصفيه يا طلبكاري بر اشخاصيكه با تاجر طرف معامله بوده يا بر قائم مقام قانوني آنها ثابت شود تاجر متوقف قبل از تاريخ توقف خود براي فرار از اداي دين يا براي اضرار به طلبكارها معاملة نموده كه متضمن ضرري بيش از ربع قيمت حين المعامله بوده است آن معامله قابل فسخ است مگر اينكه طرف معامله قبل از صدور حكم فسخ تفاوت قيمت را بپردازد دعوي فسخ در ظرف دو سال از تاريخ وقوع معامله در محكمه پذيرفته ميشود.\n\n'
 'ماده 425 - هر گاه محكمه بموجب ماده قبل حكم فسخ معامله را صادر نمايد محكومعليه بايد پس از قطعي شدن حكم مالي را كه موضوع معامله بوده است عيناً بمدير تصفيه تسليم و قيمت حين المعامله آن را قبل از آنكه دارائي تاجر بغرما تقسيم شود دريافت دارد و اگر عين مال مزبور در تصرف او نباشد تفاوت قيمت را خواهد داد.\n\n'
 'ماده 412 - ورشكستگي تاجر يا شركت تجارتي در نتيجه توقف از تأديه وجوهي كه بر عهده او است حاصل مي شود.\nحكم ورشكستگي تاجري را كه حين الفوت در حال توقف بوده تا يكسال بعد از مرگ او نيز ميتوان صادر نمود.\n\nفصل دوم - در اعلان ورشكستگي و اثرات آن\n\n'
 'ماده 538 - پس از انقضاي مهلتي كه براي تشخيص و تصديق مطالبات طلبكارها معين شده است ديگر هيچ تقاضائي از طرف طلبكارها راجع بتعيين تاريخ توقف بغير آن تاريخي كه بموجب حكم ورشكستگي يا حكم ديگري كه در اين باب صادر شده قبول نخواهد شد - همينكه مهلتهاي مزبور منقضي شد تاريخ توقف نسبت به طلبكارها قطعي و غيرقابل تغيير خواهد بود.\n\n']",عملیات اجرایی مزبور، باطل و بالاثر است. (ماده 423),0.5821149726744421
21, حکم ادعای خیار نسبت به اموال متصرفی تاجر ورشکسته چیست؟,حکم ادعای خیار نسبت به اموال متصرفی تاجر ورشکسته این است که اگر اشخاصی نسبت به اموال متصرفی تاجر ورشکسته دعوی خیاراتی دارند و صرف نظر از آن نمی‌کنند، باید آن را در حین تصفیه عمل ورشکستگی ثابت نموده و بموقع اجرا گذارند.,"['ماده 510 - در صورتي كه عمل تاجر ورشكسته منجر بتفريغ حساب شود مدير تصفيه مكلف است تمام اموال منقول و غيرمنقول تاجر ورشكسته را بفروش رسانيده مطالبات و ديون و حقوق او را صلح و مصالحه و وصول و تفريغ كند تمام اين مراتب در تحت نظر عضو ناظر و با حضور تاجر ورشكسته بعمل ميآيد. اگر تاجر ورشكسته از حضور استنكاف نمود استحضار مدعيالعموم كافي است - فروش اموال مطابق نظامنامه وزارت عدليه بعمل خواهد آمد.\n\n'
 'ماده 474 - اگر اشخاصي نسبت باموال متصرفي تاجر ورشكسته دعوي خياراتي دارند و صرفنظر از آن نميكنند بايد آن را در حين تصفيه عمل ورشكستگي ثابت نموده و بموقع اجرا گذارند.\n\n'
 'ماده 475 - حكم فوق درباره دعوي خياراتي نيز مجري خواهد بود كه تاجر ورشكسته نسبت باموال متصرفي خود يا ديگران دارد مشروط براينكه بر ضرر طلبكارها نباشد.\n\nفصل هفتم - در قرارداد ارفاقي و تصفيه حساب تاجر ورشكسته\n\nمبحث اول - در دعوت طلبكارها و مجمع عمومي آنها\n\n'
 'ماده 541 - تاجر در موارد ذيل ورشكسته بتقصير اعلان ميشود:\n1) در صورتيكه محقق شود مخارج شخصي يا مخارج خانه مشاراليه در ايام عادي بالنسبه به عايدي او فوقالعاده بوده است.\n2) در صورتيكه محقق شود كه تاجر نسبت بسرمايه خود مبالغ عمده صرف معاملاتي كرده كه در عرف تجارت موهوم يا نفع آن منوط به اتفاق محض است.\n3) اگر بقصد تأخير انداختن ورشكستگي خود خريدي بالاتر يا فروشي نازلتر از مظنه روز كرده باشد يا اگر بهمان قصد وسايلي كه دور از صرفه است بكار برده تا تحصيل وجهي نمايد اعم از اينكه از راه استقراض يا صدور برات يا بطريق ديگر باشد.\n4) اگر يكي از طلبكارها را پس از تاريخ توقف بر سايرين ترجيح داده و طلب او را پرداخته باشد.\n\n'
 'ماده 447 - تاجر ورشكسته در صورتي كه وسيله ديگري براي اعاشه نداشته باشد ميتواند نفقه خود و خانوادهاش را از دارائي خود درخواست كند - در اين صورت عضو ناظر نفقه و مقدار آن را با تصويب محكمه معين مينمايد.\n\n']", خیاراتی که وی نسبت به اموال متصرفی خود دارد، اگر به ضرر طلبکاران نباشد، می تواند به اجرا گذارد. (مواد 474 و 475),0.7258584338827121
22,شرکت تعاونی تولید و مصرف چه تفاوتی با شرکت نسبی دارد؟,تفاوت اصلی بین شرکت تعاونی تولید و مصرف و شرکت نسبی این است که در شرکت تعاونی تولید و مصرف، شرکاء مشاغل خود را برای تولید و فروش اشیاء یا اجناس بکار می‌برند و هدف اصلی آن تولید و مصرف مشترک است، در حالی که در شرکت نسبی، شرکاء به اشتراک سرمایه و مشاغل خود می‌پردازند و هدف اصلی آن تقسیم نفع و ضرر بین شرکاء بر اساس خرید هر یک از آنها است.,"['ماده 194 - در صورتيكه شركت تعاوني توليد يا مصرف مطابق اصول شركت سهامي تشكيل شود حداقل سهام يا قطعات سهام ده ريال خواهد بود و هيچيك از شركاء نميتوانند در مجمع عمومي بيش از يك رأي داشته باشد.\n\nفصل دوم\nدر مقررات راجعه بثبت شركتها و نشر شركتنامهها\n\n'
 'ماده 190 - شركت تعاوني توليد شركتي است كه بين عدة از ارباب حرف تشكيل ميشود و شركاء مشاغل خود را براي توليد و فروش اشياء يا اجناس بكار ميبرند.\n\n'
 'ماده 193 - شركت تعاوني اعم از توليد يا مصرف ممكن است مطابق اصول شركت سهامي يا بر طبق مقررات مخصوصي كه با تراضي شركاء ترتيب داده شده باشد تشكيل بشود ولي در هر حال مفاد مواد 32 - 33 لازمالرعايه است.\n\n'
 'ماده 192 - شركت تعاوني مصرف شركتي است كه براي مقاصد ذيل تشكيل ميشود:\n1 - فروش اجناس لازمه براي مصارف زندگاني اعم از اينكه اجناس مزبوره را شركاء ايجاد كرده يا خريده باشند.\n2 - تقسيم نفع و ضرر بين شركاء بنسبت خريد هر يك از آنها.\n\n'
 'ماده 189 - مفاد ماده 126 (جز مسئوليت شركاء كه بنسبت سرمايه آنها است) و مواد 127 تا 136 در شركت هاي نسبي نيز جاري است.\n\nمبحث هفتم\nشركتهاي تعاوني توليد و مصرف\n\n']",شركت تعاوني توليد شركتي است كه بين عدة از ارباب حرف تشكيل ميشود و شركاء مشاغل خود را براي توليد و فروش اشياء يا ‌اجناس بكار ميبرند. در حالی که، شركت نسبي شركتي است كه براي امور تجارتي در تحت اسم مخصوصي بين دو يا چند نفر تشكيل و مسئوليت هر يك از شركاء بنسبت سرمايه‌ايست كه در شركت گذاشته. (مواد 183 و 190) ,0.5995359470553587
23,در صورتی شركت در چندين حوزه شعبه داشته باشد، برای ثبت آن باید چه کرد؟,باید اسامی اشخاصی که برای تصفیه معین شده‌اند در اداره ثبت اسناد ثبت و اعلان شود.,"['ماده 101 - اگر حكم بطلان شركت باستناد ماده قبل صادر شود شركائي كه بطلان مستند بعمل آنها است و هيئت نظار و مديرهائي كه در حين حدوث سبب بطلان يا بلافاصله پس از آن سر كار بوده و انجام وظيفه نكردهاند در مقابل شركاءِ ديگر و اشخاص ثالث نسبت بخسارات ناشيه از اين بطلان متضامناً مسئول خواهند بود.\nمدت مرور زمان ده سال از تاريخ حدوث موجب بطلان است.\n\n'
 'ماده 147 - هر شريك با مسئوليت محدود حق نظارت در امور شركت داشته و ميتواند از روي دفاتر اسناد شركت براي اطلاع شخص خود راجع بوضعيت مالي شركت صورت خلاصه ترتيب دهد.\nهر قراردادي كه بين شركاء برخلاف اين ترتيب داده شود از درجه اعتبار ساقط است.\n\n'
 'ماده 205 - در هر مورد كه اشخاصي غير از مديران شركت براي تصفيه معين شوند اسامي آنها بايد در اداره ثبت اسناد ثبت و اعلان گردد.\n\n'
 'ماده 201(الحاقي 24ˏ12ˏ1347)- در موارد زير هر ذينفع ميتواند انحلال شركت را از دادگاه بخواهد\n1 - در صورتيكه تا يكسال پس از به ثبت رسيدن شركت هيچ اقدامي جهت انجام موضوع آن صورت نگرفته باشد و نيز در صورتيكه فعاليتهاي شركت در مدت بيش از يكسال متوقف شده باشد.\n2 - در صورتيكه مجمع عمومي سالانه براي رسيدگي بحسابهاي هر يك از سالهاي مالي تا ده ماه از تاريخي كه اساسنامه معين كرده استتشكيل نشده باشد.\n3 - در صورتيكه سمت تمام يا بعضي از اعضاي هيئت مديره و همچنين سمت مدير عامل شركت طي مدتي زائد بر ششماه بلامتصدي ماندهباشد.\n4 - در مورد بندهاي يك و دو ماده 199 در صورتيكه مجمع عمومي فوقالعاده صاحبان سهام جهت اعلام انحلال شركت تشكيل نشود و يا راي بانحلال شركت ندهد.\n\n'
 'ماده 194 - در صورتيكه شركت تعاوني توليد يا مصرف مطابق اصول شركت سهامي تشكيل شود حداقل سهام يا قطعات سهام ده ريال خواهد بود و هيچيك از شركاء نميتوانند در مجمع عمومي بيش از يك رأي داشته باشد.\n\nفصل دوم\nدر مقررات راجعه بثبت شركتها و نشر شركتنامهها\n\n']",هر گاه شركت در چندين حوزه شعبه داشته باشد مقررات مواد 195 و 197 بايد بقسميكه در نظامنامه وزارت عدليه معين ميشود در ‌هر حوزه جداگانه انجام گردد. (مواد 199 و 195),0.7145246747348998
24, در صورتی که به دلیل عدم رعایت مقررات تشکیل شرکت سهامی، حکم به بطالن صادر شود و در مرحله تجدیدنظر خواهی، موجبات بطالن مرتفع شده باشد، تصمیم دادگاه چه خواهد بود؟,در صورتی که در مرحله تجدیدنظر موجبات بطالن مرتفع شده باشد، تصمیم دادگاه به این شکل خواهد بود که حکم بطالن شرکت لغو شده و شرکاء و اشخاص ثالث دیگر مسئولیتی در قبال خسارات ناشی از بطالن نخواهند داشت.,"['ماده 199(الحاقي 24ˏ12ˏ1347)- شركت سهامي در موارد زير منحل ميشود:\n1 - وقتيكه شركت موضوعي را كه براي آن تشكيل شده است انجام داده يا انجام آن غير ممكن شده باشد.\n2 - در صورتيكه شركت براي مدت معين تشكيل گرديده و آنمدت منقضي شده باشد مگر اينكه مدت قبل از انقضاء تمديد شده باشد.\n3 - در صورت ورشكستگي\n4 - در هر موقع كه مجمع عمومي فوقالعاده صاحبان سهام بهر علتي رأي بانحلال شركت بدهد\n5 - در صورت صدور حكم قطعي دادگاه\n\n'
 'ماده 101 - اگر حكم بطلان شركت باستناد ماده قبل صادر شود شركائي كه بطلان مستند بعمل آنها است و هيئت نظار و مديرهائي كه در حين حدوث سبب بطلان يا بلافاصله پس از آن سر كار بوده و انجام وظيفه نكردهاند در مقابل شركاءِ ديگر و اشخاص ثالث نسبت بخسارات ناشيه از اين بطلان متضامناً مسئول خواهند بود.\nمدت مرور زمان ده سال از تاريخ حدوث موجب بطلان است.\n\n'
 'ماده 81(اصلاحي 09ˏ02ˏ1348)- در صورتيكه در جلسه دوم معلوم گردد كه در اثر خروج دارندگان آورده غير نقد و يا مطالبهكنندگان مزايا و عدم تعهد و تأديه سهام آنها از طرف ساير پذيره نويسان قسمتي از سرمايه شركت تعهد نشده است و باين ترتيب شركت قابل تشكيل نباشد موسسين بايد ظرف ده روز از تاريخ تشكيل آن مجمع مراتب را بمرجع ثبت شركتها اطلاع دهند تا مرجع مزبور گواهينامه مذكور در ماده 19 اين قانون را صادر كند. \n\n'
 'ماده 182 - هر گاه در اساسنامه براي مجمع عمومي حق تصميم بانحلال معين نشده و بين مجمع عمومي و شركاءِ ضامن راجع بانحلال موافقت حاصل نشود و محكمه دلائل طرفداران انحلال را موجّه ببيند حكم بانحلال خواهد داد. همين حكم در موردي نيز جاري است كه يكي از شركاءِ ضامن بدلائلي انحلال شركت را از محكمه تقاضا نموده و محكمه آن دلائل را موجّه ببيند.\n\nمبحث ششم - شركت نسبي\n\n'
 'ماده 141(الحاقي 24ˏ12ˏ1347)- اگر بر اثر زيانهاي وارده حداقل نصف سرمايه شركت از ميان برود هيئت مديره مكلف است بلافاصله مجمع عمومي فوقالعاده صاحبان سهام را دعوت نمايد تا موضوع انحلال يا بقاء شركت مورد شور و رأي واقع شود. هرگاه مجمع مزبور رأي بانحلال شركت ندهد بايد در همانجلسه و با رعايت مقررات ماده 6 اين قانون سرمايه شركت را بمبلغ سرمايه موجود كاهش دهد.\nدر صورتيكه هيئت مديره برخلاف اين ماده بدعوت مجمع عمومي فوقالعاده مبادرت ننمايد و يا مجمعي كه دعوت ميشود نتواند مطابق مقرراتقانوني منعقد گردد هر ذينفع ميتواند انحلال شركت را از دادگاه صلاحيتدار درخواست كند.\n\n\n']",تصمیم دادگاه تأیید حکم بطلان می باشد. (مواد 271 و272),0.5914963770749085
25,در چه صورتی تقسيم دارائي شركتهاي سهامي و شركتهاي با مسئوليت محدود و تعاوني بين شركاء خواه در ضمن مدت تصفيه و خواه پس از ختم آن ممكن است؟,تقسيم دارائي شركتهاي سهامي و شركتهاي با مسئوليت محدود و تعاوني بين شركاء، در صورت ورشكستگي شركت مختلط غيرسهامي امكان پذير است.,"['ماده 152 - هر گاه شركت بطريقي غير از ورشكستگي منحل شود و شريك با مسئوليت محدود هنوز تمام يا قسمتي از سهم الشركه خود را نپرداخته و يا پس از تأديه مسترد داشته است طلبكاران شركت حق دارند معادل آنچه كه از بابت سهم الشركه باقي مانده است مستقيماً بر عليه شريك با مسئولت [مسئوليت] محدود اقامه دعوي نمايند. اگر شركت ورشكست شود حق مزبور را مدير تصفيه خواهد داشت.\n\n'
 'ماده 213 - در شركتهاي سهامي و شركتهاي با مسئوليت محدود و شركتهاي تعاوني امر تصفيه بعهده مديران شركت است مگر آنكه اساسنامه يا اكثريت مجمع عمومي شركت ترتيب ديگري مقرر داشته باشد.\n\n'
 'ماده 156 - اگر شركت مختلط غيرسهامي ورشكست شود دارائي شركت بين طلبكاران خود شركت تقسيم شده و طلبكاران شخصي شركاء در آن حقي ندارند - سهم الشركه شركاء با مسئوليت محدود نيز جزو دارائي شركت محسوب است.\n\n'
 'ماده 94 - شركت با مسئوليت محدود شركتي است كه بين دو يا چند نفر براي امور تجارتي تشكيل شده و هر يك از شركاء بدون اينكه سرمايه بسهام يا قطعات سهام تقسيم شده باشد - فقط تا ميزان سرمايه خود در شركت مسئول قروض و تعهدات شركت است.\n\n'
 'ماده 114 - شركت با مسئوليت محدود در موارد ذيل منحل ميشود:\nالف) در مورد فقرات 1 - 2 - 3 ماده 93.\nب) در صورت تصميم عدة از شركاء كه سهم الشركه آنها بيش از نصف سرمايه شركت باشد.\nج) در صورتيكه بواسطه ضررهاي وارده نصف سرمايه شركت از بين رفته و يكي از شركاء تقاضاي انحلال كرده و محكمه دلايل او را موجّه ديده و ساير شركاء حاضر نباشند سهمي را كه در صورت انحلال به او تعلق ميگيرد پرداخته و او را از شركت خارج كنند.\nد) در مورد فوت يكي از شركاء اگر بموجب اساسنامه پيش بيني شده باشد.\n\n']",در صورتی که قبلاً ‌سه مرتبه در مجله رسمي و يكي از جرايد اعلان و يكسال از تاريخ انتشار اولين اعلان در مجله گذشته باشد. (مواد 214 و 215),0.6979888480916179
26,مدت مرور زمان در دعاوی اشخاص ثالث بر علیه شرکاء یا وراث آنها چقدر است و از چه رمانی آغاز می شود؟,مدت مرور زمان در دعاوی اشخاص ثالث بر علیه شرکاء یا وراث آنها پنج سال است و از روزی آغاز می‌شود که انحلال شرکت یا کناره گیری شریک یا اخراج او از شرکت در اداره ثبت بثبت رسیده و در مجله رسمی اعلان شده باشد.,"['ماده 219 - مدت مرور زمان در دعاوي اشخاص ثالث بر عليه شركاء يا وراث آنها راجع بمعاملات شركت (در موارديكه قانون شركاء يا ورّاث آنها را مسئول قرار داده) پنجسال است.\nمبداءِ مرور زمان روزي است كه انحلال شركت يا كناره گيري شريك يا اخراج او از شركت در اداره ثبت بثبت رسيده و در مجله رسمي اعلان شده باشد.\nدر صورتي كه طلب پس از ثبت و اعلان قابل مطالبه شده باشد مرور زمان از روزي شروع مي شود كه طلبكار حق مطالبه پيدا كرده.\n\nتبصره - دعوائي كه سنخاً تابع مرور زمان كوتاه تري بوده يا بموجب اينقانون مرور زمان طولاني تري براي آن معين شده از مقررات اين ماده مستثني است.\n\n'
 'ماده 99 - مرور زمان دعاوي ناشي از مقررات فوق ده سال از تاريخ تشكيل شركت است.\n\n'
 'ماده 593 - در مورد ماده فوق مطالبه از هر يك از اشخاصي كه طلبكار حق رجوع بآنها دارد قاطع مرور زمان نسبت بديگران نيز هست.\n\n'
 'ماده 272 - اگر وجه برات را شخص ثالث از طرف برات دهنده پرداخت تمام ظهرنويسها بريالذمه مي شوند و اگر پرداخت وجه از طرف يكي از ظهرنويسها بعمل آيد ظهرنويسهاي بعد از او بري الذمهاند.\n\n'
 'ماده 225(الحاقي 24ˏ12ˏ1347)- تقسيم دارائي شركت بين صاحبان سهام خواه در مدت تصفيه و خواه پس از آن ممكن نيست مگر آنكه شروع تصفيه و دعوتبستانكاران قبلا سه مرتبه و هر مرتبه بفاصله يكماه در روزنامه رسمي و روزنامه كثيرالانتشاري كه اطلاعيهها و آگهيهاي مربوط بشركت در آن درج ميگردد آگهي شده و لااقل ششماه از تاريخ انتشار اولين آگهي گذشته باشد.\n\n']",مدت مرور زمان پنج سال است، مبداء آن روزی است که انحلال شرکت یا کناره گیری شریک یا اخراج او از شرکت در اداره ثبت بثبت رسیده و در مجله رسمی اعلان شده باشد. تبصره نیز بیان می‌کند که دعواهایی که سنخاً تابع مرور زمان کوتاه‌تر یا بموجب اینقانون مرور زمان طولانی‌تری برای آن معین شده، از این مقررات مستثنی هستند. (ماده 219),0.7365293513627853
27,چه شرایطی موجب مسئولیت دلال به عنوان سهیم در معامله می‌شود؟,وقتی دلال در معامله سهیم باشد، با آمر خود متضامناً مسئول اجرای تعهد خواهد بود.,"['ماده 347 - در صورتيكه دلال در معامله سهيم باشد با آمر خود متضامناً مسئول اجراي تعهد خواهد بود.\n\nفصل دوم - اجرت دلال و مخارج\n\n'
 'ماده 351 - اگر شرط شده باشد مخارجي كه دلال ميكند باو داده شود دلال مستحق اخذ مخارج خواهد بود ولو آنكه معامله سر نگيرد. همين ترتيب در موردي نيز جاري است كه عرف تجارتي محل به پرداخت مخارجي كه دلال كرده حكم كند.\n\n'
 'ماده 337 - دلال بايد در نهايت صحت و از روي صداقت طرفين معامله را از جزئيات راجعه به معامله مطلع سازد ولو اينكه دلالي را فقط براي يكي از طرفين بكند - دلال در مقابل هر يك از طرفين مسئول تقلب و تقصيرات خود ميباشد.\n\n'
 'ماده 345 - هر گاه طرفين معامله يا يكي از آنها باعتبار تعهد شخص دلال معامله نمود دلال ضامن معامله است.\n\n'
 'ماده 350 - هر گاه معامله مشروط بشرط تعليقي باشد دلال پس از حصول شرط مستحق اجرت خواهد بود.\n\n']",گر دلال در نفس معامله منتفع یا سهیم باشد، باید به آمر خود اطلاع دهد؛ در غیر این صورت، مسئول خسارات وارده خواهد بود و بعلاوه به میزانی از 25 تا 60 میلیون ریال جزا نقدی محکوم خواهد شد. (مواد 346 و 347),0.6011710582763554
0,,,,,0.6447163240877775
